Requested clients, real clients, time;
10,10,33.8;
15,15,36.266666666666666;
20,20,66.0;
25,25,169.56;
30,30,318.56666666666666;
35,0,no clients served;
40,0,no clients served;
