Requested clients, real clients, time;
10,10,31.1;
15,15,18.533333333333335;
20,20,43.4;
25,25,155.08;
30,30,331.23333333333335;
35,0,no clients served;
40,0,no clients served;
