Requested clients, real clients, time;
10,10,25.9;
15,15,27.866666666666667;
20,20,26.25;
25,25,155.32;
30,30,296.56666666666666;
35,0,no clients served;
40,0,no clients served;
