Requested clients, real clients, time;
10,10,14.9;
15,15,17.266666666666666;
20,20,38.2;
25,25,165.44;
30,30,304.6333333333333;
35,0,no clients served;
40,0,no clients served;
