Requested clients, real clients, time;
10,10,45.6;
15,15,68.13333333333334;
20,20,305.45;
25,25,189.4;
30,30,360.23333333333335;
35,0,no clients served;
40,0,no clients served;
