UnCoServerSocketWith 15 clients,;
Number iterations, time;
50,5.666666666666667;
100,22.466666666666665;
150,13.533333333333333;
200,30.333333333333332;
250,42.4;
300,44.4;
350,59.13333333333333;
400,48.46666666666667;
450,74.13333333333334;
