UnCoServerSocketWith 30 clients,;
Number iterations, time;
50,31.2;
100,33.8;
150,77.86666666666666;
200,110.66666666666667;
250,84.23333333333333;
300,87.43333333333334;
350,97.23333333333333;
400,130.16666666666666;
450,195.43333333333334;
